patientid,offset,sex,age,finding,RT_PCR_positive,survival,intubated,intubation_present,went_icu,in_icu,needed_supplemental_O2,extubated,temperature,pO2_saturation,leukocyte_count,neutrophil_count,lymphocyte_count,view,modality,date,location,folder,filename,doi,url,license,clinical_notes,other_notes,Unnamed: 29,group
38,0.0,F,61.0,No Finding,Unclear,Y,N,N,,,,,37.8,98.0,,,,PA,X-ray,2019,Italy,images,F051E018-DAD1-4506-AD43-BE4CA29E960B.jpeg,,https://www.sirm.org/2020/03/08/covid-19-caso-13/,,"Female, 61 years old, smoker. In November 2019 fever cough and asthenia treated with Ceftriaxone, subsequently with Amoxicillin and cortisone therapy. For a few days, the appearance of cough and fever 37.8 °, modest asthenia. 98% pO2 saturation is detected in ambient air. No pleuro-parenchymal outbreaks in progress.Heart and small circle within limits.",Credit to UOC Radiology ASST Bergamo Est Director Dr Gianluigi Patelli,,Normal
173,,F,70.0,No Finding,Y,,Y,N,Y,,,,38.0,,,,,PA,X-ray,,Australia,images,covid-19-pneumonia-58-prior.jpg,,https://radiopaedia.org/cases/covid-19-pneumonia-58?lang=us,CC BY-NC-SA,"Three days cough, myalgias and fever. No recent overseas travel. Only sick contact was her husband who was recently hospitalized with presumed community-acquired pneumonia but not tested for COVID-19. Past history of vascath in-situ for dialysis on a background of chronic end-stage renal failure with dysfunctional A-V fistula. Vascath in-situ. Upper abdominal surgical clips. Lungs and pleural spaces are clear. Elevated right hemidiaphragm.","Case courtesy of Dr Seamus O'Flaherty, Radiopaedia.org, rID: 75637",,Normal
210,,M,27.0,No Finding,Y,Y,N,N,,,,,,,,,,PA,X-ray,,"Humanitas Clinical and Research Hospital, Rozzano, Milan, Italy",images,16745_2_1.PNG,,https://www.eurorad.org/case/16745,CC BY-NC-SA 4.0,Patient 1 – CXR: Normal,,,Normal
211,,F,39.0,No Finding,Y,Y,N,N,,,,,,,,,,PA,X-ray,,"Humanitas Clinical and Research Hospital, Rozzano, Milan, Italy",images,16745_3_1.png,,https://www.eurorad.org/case/16745,CC BY-NC-SA 4.0,Patient 2 - CXR: Normal,,,Normal
214,,,43.0,No Finding,Y,Y,N,N,,,,,,,,,,PA,X-ray,,"Humanitas Clinical and Research Hospital, Rozzano, Milan, Italy",images,16745_6_1.png,,https://www.eurorad.org/case/16745,CC BY-NC-SA 4.0,Patient 5 - CXR: Normal,,,Normal
251,-23.0,F,,No Finding,Unclear,,,,N,N,,,,,,,,PA,X-ray,2020,"Hannover Medical School, Hannover, Germany",images,2c35005f.jpg,10.6084/m9.figshare.12275009,https://github.com/ml-workgroup/covid-19-image-repository,CC BY 3.0,,,,Normal
253,-22.0,M,,No Finding,Unclear,,,,N,N,,,,,,,,PA,X-ray,2020,"Hannover Medical School, Hannover, Germany",images,ada8c494.jpg,10.6084/m9.figshare.12275009,https://github.com/ml-workgroup/covid-19-image-repository,CC BY 3.0,,,,Normal
313b,-2.0,M,75.0,No Finding,Unclear,,,,,,,,,,,,,AP,X-ray,2020,"Turin, Italy",images,10.1016-slash-j.hrcr.2020.04.015-fig3-a.png,10.1016/j.hrcr.2020.04.015,https://www.heartrhythmcasereports.com/article/S2214-0271(20)30075-0/pdf,CC BY-NC-ND,"A 75-year-old man with history of dilated cardiomyopathy, status post PPM implantation 12 years before, was admitted for heart failure exacerbation. His symptoms improved after appropriate treatment with intravenous diuretics. He tested negative for COVID-19 infection. Because of reduced left ventricular ejection fraction despite optimal medical therapy, he underwent device upgrade to an ICD. During the procedure he developed an intense vagal reaction with drop in blood pressure to 60/40 mm Hg with presyncope and diaphoresis, which resolved after fluid challenge. TTE ruled out pericardial effusion. Chest radiograph was within normal limits (Figure 3A). He was discharged home asymptomatic the following day.",,,Normal
315,15.0,F,78.0,No Finding,Y,Y,N,N,N,N,N,,,,,,,PA,X-ray,"March 4, 2020","Tokyo, Japan",images,1-s2.0-S2214250920300834-gr1_lrg-d.png,10.1016/j.idcr.2020.e00775,https://www.sciencedirect.com/science/article/pii/S2214250920300834?via%3Dihub,CC BY-NC-ND,"A 78-year-old woman, a non-smoker with dyslipidemia and hypothyroidism presented to her primary care physician on 13 February with general malaise and anorexia lasting several days. She did not have other symptoms, such as fever, cough, sputum, or dyspnoea. She had visited Paris, France, from 30 January to 4 February 2020. At that time, her vital signs were within normal limits, including SpO2 (i.e., 98 % on room air) (Fig. 1A). On 18 February, she complained of cough and exacerbation of malaise and anorexia and had an associated 3 kg body weight loss. She was referred to our hospital because of a bilateral reticular shadow seen on chest X-rays (Fig. 1B) and ground-glass opacity (GGO) adjacent to the pleura seen on chest computed tomography (CT) (Fig. 1C, D). At the time of her visit, she had a temperature of 37.7 °C; respiratory rate, 20 breaths/min; heart rate, 106 beats/min (regular); blood pressure, 139/63 mmHg; and SPO2 of 95 % on room air. Admission blood tests showed elevated C-reactive protein (7.9 mg/dL), aspartate aminotransferase (106 U/L), alanine aminotransferase (80 U/L), γ-glutamyltransferase (153 U/L), alkaline phosphatase (372 U/L), and lactate dehydrogenase (383 U/L). Other blood test results were within the normal range. COVID-19 was suggested based on her prolonged clinical symptoms, travel history, and chest X-ray and CT findings. We thus performed a polymerase chain reaction (PCR) assay of a sputum specimen for SARS-CoV-2 detection. A rapid influenza test, conducted simultaneously, was positive for influenza A virus, and she was started on oseltamivir with ceftriaxone 2 g/day and azithromycin 500 mg/day to cover possible bacterial infections. One day after oseltamivir initiation, on 19 February, she became afebrile. The PCR assay performed on admission tested positive for SARS-CoV-2 on 20 February. By 21 February, her general malaise had worsened. Chest X-ray (Fig. 1E) and CT (Fig. 1F, G), re-examined on 25 February, showed improvements in previously noted GGO, appearing more like a consolidation. Given the improvement in her clinical symptoms and CT findings, another PCR assay for SARS-CoV-2 detection was performed on 26 February which tested still positive. Subsequent SARS-CoV-2 PCR testing on 1 and 2 March tested negative, and the patient was discharged on 5 March. Chest X-ray (Fig. 1H) and CT (Fig. 1I, J) images obtained a day before discharge showed improvements of previously noted consolidation and GGO. She did not require oxygen therapy throughout her hospital stay.",,,Normal
325,,F,78.0,No Finding,Y,Y,N,N,N,N,N,,36.1,,,,,AP,X-ray,12 March 2020,"Rome, Italy",images,1-s2.0-S1059131120301151-gr2-e.png,10.1016/j.seizure.2020.04.009,https://www.sciencedirect.com/science/article/pii/S1059131120301151,,"On 12th March 2020 a 78-year-old woman was admitted to our Emergency Department for ongoing myoclonic jerks of the right face and right limbs. She suffered from hypertension and postencephalitic epilepsy. When she was 76, the patient developed a Herpes Simplex Virus-1 (HSV-1) encephalitis. The initial presentation of the herpetic encephalitis were repetitive oral buccal automatisms and aphasia lasting 6 h associated with the electroencephalographic findings of subcontinuous epileptiform discharges over the left temporal fields, configuring a non-convulsive status epilepticus (NCSE). The status epilepticus was successfully treated with a sequence of antiepileptic drugs. Because of the encephalitis, fluent aphasia and mild right limbs weakness persisted, with only a partial recovery after neuro-rehabilitation. Since then, the patient was steadily under treatment with valproic acid and levetiracetam and remained seizure-free for more than two years. She was under regular neurologic follow-up and the last electroencephalogram performed ten days prior to admission was normal (Fig. 1, label A). In the morning of 12th March 2020, the patient developed a focal status epilepticus without any prodromal symptoms. First Aid evaluation showed alert, eupnoeic patient with normal body temperature (36.1 °C). The neurological examination showed fluent aphasia, right central facial nerve palsy, pronation of the right arm and drift of the right leg. The patient displayed ongoing myoclonic jerks of the right eyelid and upper-lip, started two hours before. She was treated with intravenous valproic acid, followed by intravenous midazolam for the persistence of subintrant focal seizures. The electroencephalogram revealed semi-rhythmic, irregular, high amplitude delta activity, predominantly lateralized over the left fronto-centro-temporal regions, consistent with focal status epilepticus (Fig. 1, labels B and C). The antiepileptic treatment resolved the status epilepticus (Fig. 1, label D). Computed Tomography (CT) scan of the brain was negative for acute lesions. Brain MRI confirmed extensive gliosis and atrophy involving the left temporo-parietal lobe, in the absence of new cerebral lesions as documented by both diffusion weighted imaging and post-gadolinium sequences (Fig. 2, labels A–D). The chest X-ray was unremarkable (Fig. 2, label E). Laboratory analysis revealed lymphocytopenia (560 cells/mm3) and thrombocytopenia (125,000/mm3). Twelve hours after the admission to the Emergency Room, the patient developed fever. She did not exhibit respiratory symptoms, such as cough or dyspnoea. Her blood oxygenation was normal. The blood analysis showed a further decrease in the white cells and platelets count. The C-reactive protein was 29.7 mg/L, procalcitonine was 0.07 ng/mL. Despite broad-spectrum antibiotic therapy, her fever did not improve. Blood cultures and urine culture were negative for common bacteria, fungi and neurotropic viruses. The epidemiological survey revealed that in the previous week the patient met her son, who went into preventive isolation afterwards for being in contact with three people with a positive swab for SARS-CoV-2. Nasopharyngeal and oropharyngeal swabs specimen of the patient were then obtained and Real Time Polymerase Chain Reaction (RT-PCR) assay was performed, which tested positive for SARS-CoV2. The patient was transferred to the Infectious Disease Unit and treated with lopinavir-ritonavir plus hydroxychloroquine. After initiation of the treatment, the clinical conditions of the patient improved, with resolution of the fever. A further chest X-ray (Fig. 2, label F) and a lung ultrasound were negative for interstitial pneumonia. Since then, no other seizures occurred. During the hospitalization, she did not require oxygen therapy. On 28th March she was discharged in stable condition, afebrile after two negative swabs for SARS-CoV-2. (E) Chest X-ray performed upon arrival to the Emergency Room",,,Normal
351,-120.0,M,65.0,No Finding,Y,,,,,,,,,,,,,PA,X-ray,2020,United Kingdom,images,665f7ed5dcf52f235d8abed8cc200c_jumbo.jpeg,,https://radiopaedia.org/cases/covid-19-pneumonia-95?lang=us,CC BY-NC-SA,"Presentation: SOB and myalgia. . Imaging Notes: Heart size normal.  Lungs clear.. Discussion: A retirement aged patient with a pristine chest radiograph only a few months earlier. The presentation chest radiograph demonstrated a florid bilateral distribution of airspace change, which is the most classical appearance of COVID-19 pneumonia. PCR testing following a throat swab confirmed COVID-19 as the cause of this viral pneumonia.","Case courtesy of Dr Ian Bickle, Radiopaedia.org, rID: 75634",,Normal
394,5.0,M,47.0,No Finding,,Y,,,,,,,38.5,99.0,3.99,,,AP,X-ray,,"Trieste, Italy",images,16755_1_1.jpg,,https://www.eurorad.org/case/16755,CC BY-NC-SA 4.0,"A previously healthy 47 years old man presented to the emergency department with cough and high fever (38.5°C) for five days. At admission, oxygen saturation was normal (SpO2 99%) and laboratory tests showed leukopenia (3.99×10^3/?L, normal range 4.0-11×10^3/μL) and mild elevated c-reactive protein (20 mg/L, normal range <0.5 md/dl). Chest X-ray: the only antero-posterior view performed at bedside did not show obvious parenchymal consolidation or pleural effusion.",,,Normal
397,,M,55.0,No Finding,,,,,,,,,,,,,,PA,X-ray,,"Milan, Italy",images,000001-3.jpg,,https://www.eurorad.org/case/12822,CC BY-NC-SA 4.0,"Patient with long-standing history of Crohn’s disease (CD) including partial colectomy, treated with adalimumab for four months due to steroid-refractory disease. Currently hospitalized with malaise, weight loss, mucohaemorrhagic diarrhoea, persistent high fever, abdominal pain without peritonitis and elevated C-reactive protein despite antibiotics, with presumptive clinical diagnosis of acute CD exacerbation. Prior to anti-TNFα therapy start, chest radiographs did not show active pleuropulmonary lesions and abnormal pulmonary or mediastinal calcifications suggesting prior exposure to tuberculosis.",,,Normal
402,0.0,M,28.0,No Finding,,,,,,,,,,,,,,AP,X-ray,,,images,000001-6.jpg,,https://www.eurorad.org/case/1189,CC BY-NC-SA 4.0,Polytrauma patient with acute respiratory distress Admission chest film reveals no lung pathology. Orthopedic surgery is recognizable by the presence of osteosynthesis material of T6 of a previous trauma.,,,Normal
478,,F,75.0,No Finding,,,,,,,,,,,,,,AP,X-ray,,Hungary,images,02b973e10caa192fd4e6825ad4aeaf_jumbo-10.jpeg,,https://radiopaedia.org/cases/right-middle-lobe-pneumonia-subtle?lang=us,CC BY-NC-SA,"Decreased SpO2, elevated CRP and WBC, diffuse respiratory crackle upon auscultation. Comparison to recent CXR significantly increases the diagnostic confidence. ","Case courtesy of Dr Balint Botz , Radiopaedia.org, rID: 79918",,Normal
5,,,,Pneumonia,,,Y,Y,Y,Y,,,,,,,,PA,X-ray,2017,,images,ARDSSevere.png,,https://en.wikipedia.org/wiki/File:ARDSSevere.png,CC BY-SA,Severe ARDS. Person is intubated with an OG in place.,,,Pneumonia
26,,M,65.0,Pneumonia,,,,,,,,,,,,,,AP,X-ray,"May 10, 2015","Melbourne, Australia",images,acute-respiratory-distress-syndrome-ards.jpg,,https://radiopaedia.org/cases/acute-respiratory-distress-syndrome-ards,CC BY-NC-SA,"Admitted to ICU with necrotizing fasciitis, septic shock and acute renal failure. Progressive respiratory failure requiring ventilation. Multifocal bilateral air-space opacities, in a predominantly perihilar and lower zone distribution.","Case courtesy of Assoc Prof Frank Gaillard, Radiopaedia.org, rID: 35985",,Pneumonia
30,,F,30.0,Pneumonia/Bacterial/Streptococcus,,,,,,,,,,,,,,AP,X-ray,"Oct 8, 2010","Melbourne, Australia",images,pneumonia-7.jpg,,https://radiopaedia.org/cases/pneumonia-7,CC BY-NC-SA,Extensive consolidation and air bronchograms with loss of the right hemidiaphragm in keeping with right lower lobe pneumonia.,"Case courtesy of Assoc Prof Frank Gaillard, radiopaedia.org, rID: 11009",,Pneumonia
31,0.0,F,25.0,Pneumonia/Bacterial/Streptococcus,,,,,,,,,,,,,,AP,X-ray,2014,"Melbourne, Australia",images,streptococcus-pneumoniae-pneumonia-temporal-evolution-1-day0.jpg,,https://radiopaedia.org/cases/streptococcus-pneumoniae-pneumonia-temporal-evolution-1,CC BY-NC-SA,"When patient presented to ED there was wide spread opacity across patient right lung field especially on lower lung field with positive air-bronchogram which indicate consolidation of right lower or middle lobe. There was some opacity just above the right horizontal fissure which may suggest progression of infection into right upper lobe. The right heart border was lost. During her admission at hospital, the opacity spread to right upper lobe and started to develop opacity on left lung field and more prominent air-bronchogram which consistent with wide spread of infection across both lung. Endotracheal tube can be seen at 2nd day of admission.","Case courtesy of Dr Jack Ren, radiopaedia.org, rID: 29090",,Pneumonia
87,0.0,F,40.0,Pneumonia/Bacterial/Streptococcus,,Y,,,,,,,,,,,,PA,X-ray,2011,"Edinburgh, United Kingdom",images,pneumococcal-pneumonia-day0.jpg,,https://radiopaedia.org/cases/pneumococcal-pneumonia,CC BY-NC-SA,"The dense lobar consolidation at admission shows some initial aeration at 1 week, but little in the way of radiological resolution, despite symptomatic improvement.","Case courtesy of Dr Jeremy Jones, Radiopaedia.org, rID: 13553",,Pneumonia
88,0.0,M,45.0,Pneumonia/Bacterial/Streptococcus,,,,,,,,,,,,,,PA,X-ray,2016,Australia,images,parapneumonic-effusion-1-PA.png,,https://radiopaedia.org/cases/parapneumonic-effusion-1,CC BY-NC-SA,Left chest pain with increased work of breathing. Large left pleural effusion with associated left mid zone airspace opacity with air bronchograms. Right basal opacity and a small right pleural effusion. Left lower lobe consolidation and atelectasis. Moderate left pleural effusion extending to the oblique fissure. Very small right pleural effusion with minor atelectasis.,"Case courtesy of Dr Henry Knipe, Radiopaedia.org, rID: 44224",,Pneumonia
89,0.0,M,75.0,Pneumonia/Bacterial/Streptococcus,,,,,,,,,,,,,,PA,X-ray,2018,Australia,images,right-upper-lobe-pneumonia-9-PA.jpg,,https://radiopaedia.org/cases/right-upper-lobe-pneumonia-9,CC BY-NC-SA,"Admitted with small bowel obstruction. Developed a fever with rigors. Reduced air entry with crepitations in the right mid zone. Peripheral right upper lobe consolidation with air bronchograms and peribronchial cuffing. Associated horizontal fissure displacement superiorly, with outlining of the fissure. Small right sided pleural effusion. Classic appearance of a right upper lobe pneumonia. The infection is confined to the upper lobe by the horizontal fissure. Lobar pneumonia is usually caused by typical organisms – such as Streptococcus pneumoniae.","Case courtesy of Dr Paul Heyworth, Radiopaedia.org, rID: 60944",,Pneumonia
90,0.0,M,50.0,Pneumonia/Bacterial/Chlamydophila,,Y,,,,,,,,,,,,PA,X-ray,2011,"Melbourne, Australia",images,chlamydia-pneumonia-PA.png,,https://radiopaedia.org/cases/chlamydia-pneumonia,CC BY-NC-SA,Productive cough. Consolidation within the apical segment of left lower lobe.  ,"Case courtesy of Dr Andrew Dixon, Radiopaedia.org, rID: 14567",,Pneumonia
92,0.0,M,60.0,Pneumonia/Bacterial/Streptococcus,,Y,,,,,,,,,,,,PA,X-ray,2016,"Melbourne, Australia",images,cavitating-pneumonia-4-day0-PA.jpg,,https://radiopaedia.org/cases/cavitating-pneumonia-4,CC BY-NC-SA,Cough and loss of weight over five weeks.  Large cavitating right upper lobe mass with cavitation. Left lung is clear. Normal cardiomediastinal contour.  ,"Case courtesy of Dr Henry Knipe, Radiopaedia.org, rID: 45998",,Pneumonia
100,,F,62.0,Pneumonia/Bacterial/Klebsiella,,,,,,,,,,,,,,PA,X-ray,2014,Australia,images,klebsiella-pneumonia-1.jpg,,https://radiopaedia.org/cases/klebsiella-pneumonia-1,CC BY-NC-SA,"Tachypneic and febrile. Extensive right upper lobe consolidation, with bulging of the horizontal fissure.","Case courtesy of Dr Yune Kwong, Radiopaedia.org, rID: 29375",,Pneumonia
110,,M,60.0,Pneumonia/Bacterial/Legionella,,,,,,,,,,,,,,PA,X-ray,2016,"Melbourne, Australia",images,legionella-pneumonia-1.png,,https://radiopaedia.org/cases/legionella-pneumonia-1,CC BY-NC-SA,Febrile neutropenia. Extensive left lower lobe consolidation with obscuration of the left hemidiaphragm silhouette. Right internal jugular central venous line. Dense left lower lobe consolidation with patchy right middle and lower lobe consolidation. Right internal jugular CVC. Urinary Legionella antigen was positive and subsequently Legionella pneumophila was isolated from sputum culture. There are no specific features to suggest Legionella infection on x-ray or CT. This patient was immunosuppressed post chemotherapy induction for treatment of a hematological malignancy.  ,"Case courtesy of Dr Henry Knipe, Radiopaedia.org, rID: 45780",,Pneumonia
111,,M,45.0,Pneumonia/Bacterial/Legionella,,,,,,,,,,,,,,PA,X-ray,2016,"Bozen, Italy",images,legionella-pneumonia-2.jpg,,https://radiopaedia.org/cases/legionella-pneumonia-2,CC BY-NC-SA,"Presentation in ER with high fever, cough with yellow mucus and chest pain. The chest radiograph shows multiple bilateral airspace opacities. There is also a basal right pleural effusion. Normal cardiac profile. Blood culture was negative.  A urinary antigen test with Legionella-Ag was performed with rapid immunofluorescence technique.   The positive result permitted a rapid diagnosis.","Case courtesy of Dr Sigmund Stuppner, Radiopaedia.org, rID: 46812",,Pneumonia
271,3.0,M,52.0,Pneumonia/Bacterial/Klebsiella,,,,,,,,,39.0,,,,,PA,X-ray,03/09/20,"Hospital de São José, Portugal",images,16646_1_1.jpg,,https://www.eurorad.org/case/16646,CC BY-NC-SA 4.0,"A 52-year-old male patient, homeless, presented with a rapid onset (days) of chest pain, haemoptysis, fever (39°C) and weight loss. The laboratory studies demonstrated leukopenia and neutrophilia. Negative serologies. The patient had a history of heavy alcohol and drugs (cocaine) consumption and was a smoker with known chronic obstructive pulmonary disease (COPD). Chest X-ray posteroanterior view depicting a heterogeneous condensation with air bronchogram sign, occupying the RUL almost entirely and part of the ML","Credit to Daniel Torres, Lígia Barbosa Torres, Pedro Mendonça",,Pneumonia
272,3.0,F,55.0,Pneumonia,,Y,N,N,N,N,N,,,,,,,PA,X-ray,11/27/19,Malta,images,16583_1_1.jpg,,https://www.eurorad.org/case/16583,CC BY-NC-SA 4.0,"A 55-year-old female patient with a 60 pack-per-year smoking history, presented with a two-month history of dry cough and pleuritic chest pain. She denied febrile episodes, haemoptysis, dyspnoea or weight loss. Her sister had been diagnosed with lung cancer. Physical examination was unremarkable and blood showed elevated inflammatory markers. Chest radiograph demonstrating a focal pulmonary nodule in the left-middle lung zone, initially   assumed to represent a primary lung cancer.","Credit to Dr. Stephanie Vella1, Dr. Adrian Mizzi2, Ms. Rachel Wong3, Dr. Josef Micallef4",,Pneumonia
276,0.0,M,60.0,Pneumonia/Lipoid,,,,,,,,,,,,,,PA,X-ray,2016,"Moscow, Russia ",images,000005-5-a.jpg,,https://www.eurorad.org/case/14030,CC BY-NC-SA 4.0,"A 60-year-old patient was admitted to our hospital with complaints of dyspnoea and general weakness. In 2007 - laryngeal carcinoma, resection of the larynx, tracheostomy and radiation therapy. In 2013 - laryngectomy, radiation and chemotherapy. In 2015 - atypical resection of the left lung's lower lobe due to a solitary metastasis. Signs of left-sided hydrothorax, lung consolidation in RLL and suspected mass in the LUL.",,,Pneumonia
277,2.0,M,33.0,Pneumonia/Viral/Varicella,,Y,,N,Y,N,Y,,,,,,,AP,X-ray,2016,"Hospital Universitari Vall d'Hebrón, Barcelona, Spain",images,000005-3.png,,https://www.eurorad.org/case/13878,CC BY-NC-SA 4.0,"A previously healthy patient presented with a 2-day history of high fever, skin lesions, non-productive cough, and dyspnoea. Physical examination revealed non-pruritic skin lesions in different stages, bilateral basal lung crackles, and hypotension. Viral pneumonia was suspected and the patient was started on acyclovir treatment. Anteroposterior portable conventional chest X-ray revealed diffuse interstitial pattern.",,,Pneumonia
278,3.0,M,51.0,Pneumonia/Bacterial,,Y,N,N,N,N,N,,,,,,,PA,X-ray,2016,Spain,images,000001-9-a.jpg,,https://www.eurorad.org/case/13698,CC BY-NC-SA 4.0,"A 51-year-old man with a history of heavy smoking and metabolic syndrome came to the emergency department of our hospital with high fever and right-sided chest pain for the last few days. Chest X-ray (frontal and lateral projections) shows a right hilar opacity with indistinct borders, diagnosed as pneumonia of the right upper lobe.","Credit to Vicente Zapata I, Sánchez González A, Rodríguez Rodriguez ML, Rodríguez Mondéjar MR, Tovar Pérez M, Cruces Fuentes E",,Pneumonia
281,14.0,F,71.0,Pneumonia,,Y,N,N,,,,,,,,,,PA,X-ray,2015,"Barcelona, Spain ",images,000001-12.jpg,,https://www.eurorad.org/case/12943,CC BY-NC-SA 4.0,"A healthy patient presented with a 2-week history of fever, shortness of breath and a non-productive cough. Physical examination revealed crackles over the lower right hemithorax. Serology for viral agents, blood and sputum cultures, immunological and tumour markers were all within normal range. The initial treatment was antibiotics for the clinical suspicion of pneumonia, but symptoms persisted. Posteroanterior conventional chest x-ray revealed bilateral patchy air-space consolidations.","Credit to Parra-Fariñas C, Salcedo MT, Dyer Hartnett S, Comet R.",,Pneumonia
282,0.0,M,46.0,Pneumonia/Bacterial/Mycoplasma,,Y,N,N,,,,,,,,,,PA,X-ray,2015,"Milan, Italy",images,000001.jpg,,https://www.eurorad.org/case/12325,CC BY-NC-SA 4.0,"A middle-aged male with newly diagnosed Human Immunodeficiency Virus (HIV) infection (CDC stage C3, 13/mmc CD4+ cells), oropharyngeal candidiasis and Pneumocystis jirovecii pneumonia was initiated on combined antiretroviral treatment (ART), with rapid improvement of CD4+ cell count (50/mmc) and stopped viral replication after one month. At diagnosis of HIV infection with oropharyngeal Candidiasis and Pneumocystis jirovecii pneumonia, chest radiograph did not show abnormal pleuropulmonary and hilo-mediastinal changes.","Credit to Tonolini Massimo, MD.",,Pneumonia
283,0.0,M,76.0,Pneumonia/Lipoid,,Y,N,N,N,N,,,,,,,,PA,X-ray,2014,"Valencia, Spain",images,000001-17.jpg,,https://www.eurorad.org/case/11801,CC BY-NC-SA 4.0,"A 76-year-old man was referred to our hospital for fever, cough, and pain in the right side of the chest. He had a history of laryngeal carcinoma and laryngectomy with residual facial nerve paralysis, dysphagia and dysphonia. Chest radiograph performed on admission shows multiple airspace consolidations with mass-like appearance within the right lung.","Credit to L. Flors, V. Navarro Aguilar, P. Calvillo",,Pneumonia
284,8.0,M,52.0,Pneumonia/Bacterial/Klebsiella,,Y,N,N,Y,N,,,,,,,,PA,X-ray,2015,"Valencia, Spain",images,000001-19.jpg,,https://www.eurorad.org/case/12729,CC BY-NC-SA 4.0,"A 52-year-old man presented to the emergency department with symptoms of cough, haemoptysis, low-grade fever and general weakness for over one week. The patient was an alcoholic and smoker. Significant laboratory findings included leucocytosis and neutrophilia. Extensive right upper lobe consolidation, with bulging of the horizontal fissure.","Credit to Ochoa Y, Brugger S, Sopena P",,Pneumonia
286,3.0,M,52.0,Pneumonia/Viral/Influenza,,N,Y,N,Y,Y,,Y,,,,,,PA,X-ray,2013,"Viborg, Denmark",images,000001-6.png,,https://www.eurorad.org/case/10960,CC BY-NC-SA 4.0,"A 52-year-old man, active smoker with chronic obstructive lung disease, was admitted with pneumonia and influenza. Treated in intensive care unit with mechanical ventilation for nine days. Routine chest radiograph taken 7 days after extubation",,,Pneumonia
339,30.0,F,64.0,Pneumonia,,Y,N,N,N,N,,,,,,,,PA,X-ray,2013,Portugal,images,000001-24.jpg,,https://www.eurorad.org/case/10483,CC BY-NC-SA 4.0,"Patient with one month history of fever, cough and dyspnoea, who had undergone several courses of different antibiotherapy agents without response. Physical examination showed hypoxaemia and focal sparse crackles in the base of the left lung. Laboratory showed leukocytosis, neutrophilia and elevated levels of C-reactive protein. Chest radiograph at presentation shows bilateral patchy consolidations that resemble pneumonic infiltrates.","Credit to Inês Martins, Inês Pereira, Pedro Lopes, Hugo Pisco Pacheco, Leonor Moutinho",,Pneumonia
340,7.0,M,80.0,Pneumonia/Bacterial/Legionella,,N,,,Y,,,,39.0,,,,,PA,X-ray,2013,"Rome, Italy",images,000001-27.jpg,,https://www.eurorad.org/case/10665,CC BY-NC-SA 4.0,"The patient presented to the emergency room after 7 days of hyperpyrexia (maximum 39° C), productive cough, headache and right scapular pain. He had been under penicillin and cephalosporin treatment for 3 days, without any benefits. Laboratory examinations showed high values of CRP (42.2 mg/dl) and WBC (14.000 mm3). Chest radiograph shows an extended area of opacification in the right upper, middle and lower  lobes. A small right pleural effusion is also seen.",,,Pneumonia
360b,-360.0,F,45.0,Pneumonia,,,,,,,,,,,,,,PA,X-ray,,"Melbourne, Australia",images,5f8aaa4e85af075412849ebf8ebb54_jumbo-1.jpg,,https://radiopaedia.org/cases/flitting-pneumonia?lang=us,CC BY-NC-SA,"Presentation: This non-smoker has been presenting and re-presenting to respiratory clinics with non-productive cough for several months.. Imaging Notes: Over the months, the apperances are that of migrating/(""flitting"") infiltrates. Prior sympathectomy for Raynaud disease noted.. A prior CT chest (not available for review) did not show any mass lesion, and no structurally abnormal lung. . Discussion: This patient was managed in respiratory outpatients for cryptogenic organizing pneumonia (COP), and is on intermittent steroids.","Case courtesy of Dr Jan Frank Gerstenmaier, Radiopaedia.org, rID: 24654",,Pneumonia
361a,,M,65.0,Pneumonia,,,,,,,,,,,,,,PA,X-ray,,"Irbid, Jordan",images,4e1dc09c3abe03a3efb72d494ddb6f_jumbo-2.jpeg,,https://radiopaedia.org/cases/lobar-pneumonia?lang=us,CC BY-NC-SA,"Presentation: Cough, high fever and chills. . Imaging Notes: Also, left side pleurisy. Homogeneous opacification of the left middle lung zone with partly ill defined left cardiac border.. A few air bronchograms are also seen.. Reticular pattern at the left upper lung zone.. Obliterated left costophrenic angle.","Case courtesy of Dr Abdallah Al Khateeb , Radiopaedia.org, rID: 50499",,Pneumonia
361b,,M,60.0,Pneumonia,,,,,,,,,,,,,,AP,X-ray,,"Melbourne, Australia",images,9a4e0141fd7681c4026b55b4e13914_jumbo-2.jpeg,,https://radiopaedia.org/cases/multilobar-pneumonia?lang=us,CC BY-NC-SA,"Presentation: Fever and cough. . Imaging Notes: Complete airspace consolidation with air bronchograms of the right upper lobe, with further consolidation within the medial right middle lobe. Small right parapneumonic effusion.. Left lung and pleural space are clear. Cardiomediastinal contour is unremarkable.. Discussion: This is a case of multilobar community acquired pneumonia. No causative agent was isolated and the patient had a good response to empirical antibiotic therapy. ","Case courtesy of Dr Henry Knipe, Radiopaedia.org, rID: 49681",,Pneumonia
362,0.0,F,40.0,Pneumonia,,Y,,,,,,,,,,,,PA,X-ray,,"Abha, Saudi Arabia",images,e9cc806fc1c90195d999dc8d022d28_jumbo-2.jpeg,,https://radiopaedia.org/cases/multilobar-pneumonia-1?lang=us,CC BY-NC-SA,Presentation: Known SLE presented to ER with a history of a productive cough and fever.. Imaging Notes: Frontal chest radiograph upon admission shows large area of opacity involving the right lower lung zone. There is loss of clarity of the right cardiac border. The right hemidiaphragm is also slightly indistinct. These findings indicate consolidation in the middle and right lower lobes.. Discussion: The patient made a recovery following treatment for a community acquired pneumonia.,"Case courtesy of Dr Fahd Alshehri, Radiopaedia.org, rID: 51625",,Pneumonia
363,,F,55.0,Pneumonia/Bacterial/Legionella,,,,,,,,,,,,,,AP,X-ray,,"Melbourne, Australia",images,f6ece95b172eadba762bf3daef7441_jumbo-1.jpeg,,https://radiopaedia.org/cases/legionella-pneumonia?lang=us,CC BY-NC-SA,"Presentation: Fevers, cough. . Imaging Notes: Predominantly mid to lower zone airspace opacity. No large pleural effusion.. Discussion: The chest x-ray features of legionella pneumonia are non-specific but include a mid-to-lower zone predominance of patchy consolidation and the condition is sometimes associated with pleural effusions (~ 30%). . Radiographic deterioration does not correlate well with clinical condition. ","Case courtesy of Dr Henry Knipe, Radiopaedia.org, rID: 31816",,Pneumonia
364,,M,50.0,Pneumonia/Lipoid,,,,,,,,,,,,,,AP,X-ray,,"Melbourne, Australia",images,582f068ae16494e015cf2b2ed90388_jumbo-1.jpeg,,https://radiopaedia.org/cases/lipoid-pneumonia-2?lang=us,CC BY-NC-SA,"Presentation: Increasing shortness of breath. Background history of colon adenocarcinoma. . Imaging Notes: Frontal semierect chest radiograph demonstrating ill-defined opacities in the left hilum. . Bibasal atelectasis. . No pleural effusions. . Repeat radiographs 7 and 14 days post treatment demonstrated no resolution of left hilar changes. . Discussion: Given patient's background and symptoms metastatic disease was of biggest concern and core biopsy was performed. Results of the histology as follows:. Left lung, core needle biopsy. Clinical details: 18 gauge core biopsy of left lung. Irregular mass like lesion. Background history right hemicolectomy for adenocarcinoma.. Gross description. Specimen container. Left lung core biopsy four cores of tissue ranging from 0.7 cm to 2 cm. Microscopy. Cores of lung parenchyma with a diffuse interstitial and intra-alveolar. Infiltrate of adipocytes and lipid-laden macrophages. A foreign body giant cell reaction is also present. There is no evidence of dysplasia or malignancy. The histological features are consistent with a lipoid pneumonia","Case courtesy of Dr Aneta Kecler-Pietrzyk, Radiopaedia.org, rID: 62113",,Pneumonia
366,,F,75.0,Pneumonia/Lipoid,,,,,,,,,,,,,,PA,X-ray,,"Santa Rosa, Brazil",images,f410057190635755d60158d1595d67_jumbo-1.jpeg,,https://radiopaedia.org/cases/lipoid-pneumonia-1?lang=us,CC BY-NC-SA,"Presentation: History of pharyngeal neoplasm treated with radiotherapy, has persistent pulmonary consolidation that does not improve with antibiotics. . Imaging Notes: Areas of consolidation remain in the middle lobe, with atelectasic component.. Diffuse low-density, poorly defined opacities persist in the lower right lobe, especially on the lateral projection, with no sign of significant regression over prior exams.. Ill-definition of the bronchovascular bundles in the lower left lung.. Subpleural opacities remain unaltered near the pulmonary apices, which may be related to previous radiotherapy procedure.. Discussion: Patient provides a history of regular mineral oil ingestion, and along with areas of fat density consolidation and no improvement with long-term antibiotics suggest the diagnosis of lipoid pneumonia.","Case courtesy of Dr Abraão Kupske, Radiopaedia.org, rID: 55752",,Pneumonia
367,,F,35.0,Pneumonia/Viral/Varicella,,,,,,,,,,,,,,PA,X-ray,,United Kingdom,images,56bc74129531580d3c40b1f8ae77ab_jumbo.jpeg,,https://radiopaedia.org/cases/varicella-pneumonia-3?lang=us,CC BY-NC-SA,Presentation: Chest pain. Otherwise well with no past medical history of significance. . Imaging Notes: Multiple small high density nodules throughout both lungs.. Heart size normal.. This patient has a prior history of simple varicella zoster infection as a youngster.. No mediastinal lymphadenopathy of calcification.. Discussion: This patient has a prior history of simple varicella zoster infection as a youngster.,"Case courtesy of Dr Ian Bickle, Radiopaedia.org, rID: 75099",,Pneumonia
370,,F,40.0,Pneumonia,,,,,,,,,,,,,,PA,X-ray,,"Glasgow, United Kingdom",images,f72b17e863d0f958b65379b3669238_jumbo.jpg,,https://radiopaedia.org/cases/cryptogenic-organising-pneumonia-2?lang=us,CC BY-NC-SA,Presentation: Presented to the GP with chronic cough. Patient had an incidental eosinophilia a year ago.. Imaging Notes: Patchy air space opacities in bilateral upper zones.. Discussion: Patient with organizing pneumonia shows a reversed halo pattern (atoll sign) where there are focal round areas of ground-glass attenuation with surrounding crescent or ring shaped consolidation. ,"Case courtesy of Dr Mark Holland , Radiopaedia.org, rID: 19553",,Pneumonia
371,,F,45.0,Pneumonia,,,,,,,,,,,,,,PA,X-ray,,"Glasgow, United Kingdom",images,19876b357ac5c998a06d9614b6148a_jumbo.jpeg,,https://radiopaedia.org/cases/eosinophilic-pneumonia-2?lang=us,CC BY-NC-SA,"Presentation: Increased shortnes of breath. Cough. Increased inflamatory makers. Lower respiratory tract infection?. Imaging Notes: The heart is not enlarged and mediastinal contours are normal.. Within both upper zones there is patchy consolidation consistent with infectious or inflammatory change. . Discussion: This patient initially presented with symptoms of lower respiratory tract infection. . However, serum hematology revealed an eosinophilia and chest x-ray revealed an atypical pattern of bilateral upper zone consolidation.. The chest x-ray has the classic 'reverse bat's wing' pattern of eosinophilic pneumonia.. Subsequent CT confirmed the plain films findings of consolidation, plus additional mediastinal lymphadenopathy.. The patient was immuncompetent with no signficant past medical history.. A subsequent bronchoscopic alveolar lavage revealed abundant eosinophils, 90% of the inflammatory cell component, and no evidence of malignant cells.. The patient responded well to oral corticosteroids. ","Case courtesy of Dr Tom Elswood, Radiopaedia.org, rID: 74170",,Pneumonia
372,75.0,M,40.0,Pneumonia,,,,,,,,,,,,,,AP,X-ray,,"Melbourne, Australia",images,22ebbc464e16ea1217228e3c9f4935_jumbo.jpeg,,https://radiopaedia.org/cases/chronic-eosinophilic-pneumonia?lang=us,CC BY-NC-SA,"Presentation: 2-3 months of shortness of breath, fever, and cough. No hemoptysis. . Imaging Notes: Multiple regions of airspace opacification are present throughout both lungs, most severe in the left upper lobe. No pleural effusion. Normal cardiomediastinal contour. No bone lesion. . Discussion: The patient commenced on steroids with clinical and radiographic improvement. Chronic eosinophilic pneumonia is one of the eosinophilic lung diseases, and differs from acute eosinophilic pneumonia predominantly by length of symptoms. ","Case courtesy of Dr Henry Knipe, Radiopaedia.org, rID: 39331",,Pneumonia
373,14.0,F,28.0,Pneumonia/Bacterial/Mycoplasma,,,,,,,,,,,,,,AP,X-ray,,"Sydney, Australia",images,cdf5605e45874c28262c81b7ab80b3_jumbo.jpeg,,https://radiopaedia.org/cases/atypical-pneumonia-mycoplasma?lang=us,CC BY-NC-SA,"Presentation: History of dry cough for 2 weeks in a non smoker patient. . Imaging Notes: Pulmonary aeration is significantly increased bilaterally. There is marked bronchial wall thickening on the right and left in the peri-hilar zone extending to the lung base in keeping with inflammatory lower airways disease.There are non- segmental patchy lung opacities in the lower lobes bilaterally (right lower lobe posterior basal segment, left lower lobe anterior basal segment, right middle lobe medial segment). There is also increased interstitial markings with lower zone predominance.. Case Discussion: The chest radiograph shows patchy non-segmental opacities bilaterally suggestive of atypical pneumonia. Given the patient's age and radiographic manifestation, chlamydia and mycoplasma are the likely causative organisms. Viral and fungal pathogens may also create the radiological and clinical picture of an atypical pneumonia.. The nasal swab DNA PCR was positive for mycoplasma pneumoniae in this patient which correlated with the imaging findings","Case courtesy of Dr Alborz Jahangiri, Radiopaedia.org, rID: 45781",,Pneumonia
374,,M,70.0,Pneumonia,,,,,,,,,,,,,,PA,X-ray,,"Kabul, Afghanistan",images,82cb30b7678c6da229c6dc222c39c9_jumbo.jpeg,,https://radiopaedia.org/cases/usual-interstitial-pneumonia-16?lang=us,CC BY-NC-SA,Presentation: Shortness of breath. Radiologic work up advised to rule out lung neoplasm.. Imaging Notes: Decreased lung volumes are noted with coarse reticulation appears more pronounced peripherally and caudally.. Discussion: The features are representing a typical case of UIP pattern (definite) according to Diagnostic HRCT criteria for usual interstitial pneumonia (UIP) pattern - ATS/ERS/JRS/ALAT (2018).,"Case courtesy of Dr Hidayatullah Hamidi, Radiopaedia.org, rID: 75054",,Pneumonia
375,,F,60.0,Pneumonia/Viral/Influenza,,Y,,,,,,,,,,,,AP,X-ray,March 2020,Germany,images,84da526d0453b9b9e7896631e6b366_jumbo.jpeg,,https://radiopaedia.org/cases/influenza-a-pneumonia?lang=us,CC BY-NC-SA,"Presentation: Admitted early March 2020, somewhere in the middle of nowhere in Germany with fever, dry cough and pleuritic pain, hypoxia and hypocapnia. . Imaging Notes: Mildly increased cardiothoracic ratio (CTR): 52%.. Patchy, bilateral infiltrates and airspace opacification predominantly in the mid and lower lung zones.. No visible pleural effusions.. This case illustrates and shows the most common findings of influenza A pneumonia a combination of multifocal ground-glass opacities (GGO) and irregular consolidations, mainly along and around the bronchovascular bundles.. Real-time polymerase chain reaction (PCR) after respiratory swab was positive for influenza A virus RNA.. The patient was put under isolation and received supportive and antiviral therapy (oseltamivir) and an antibiotic regimen covering for gram-positive cocci for 7 days. After a hospital course of 8 days, the patient recovered and was released home in a vastly improved condition.. Outpatient follow-up CT, three weeks later, was normal and showed complete resolution of the ground glass opacities (GGO) and consolidations.. This is also an important differential diagnosis for COVID-19 pneumonia.","Case courtesy of Dr Joachim Feger, Radiopaedia.org, rID: 75217",,Pneumonia
376,180.0,M,55.0,Pneumonia/Lipoid,,,,,,,,,,,,,,AP,X-ray,,"Huntington, New York, United States",images,503d2fbe68cd143b0f15749b4f816b_jumbo.jpeg,,https://radiopaedia.org/cases/lipoid-pneumonia?lang=us,CC BY-NC-SA,"Presentation: Chronic cough.. Imaging Notes: There are bibasilar infiltrates greater on left. Blunting of the left costophrenic angle suggest a small left pleural effusion.. Discussion: The patient had a long history of constipation and ingested mineral oil for its known laxative effect.  He presented to the emergency room with chronic cough and shortness of breath for 6 months. Unaware, he may have aspirated the mineral oil at some time during his self treatment.. On follow up the radiographs demonstrates chronic infiltrates and fibrotic changes particularly in the left lung. (not shown)","Case courtesy of Dr Eric F Greif, Radiopaedia.org, rID: 27371",,Pneumonia
377,,M,50.0,Pneumonia,,,,,,,,,,,,,,PA,X-ray,,"Melbourne, Australia",images,a24181c437aca166f7aeccc62ba28a_jumbo.jpg,,https://radiopaedia.org/cases/cryptogenic-organising-pneumonia-6?lang=us,CC BY-NC-SA,"Presentation: Dyspnea, cough and fevers. Post bone marrow transplant for mantle cell lymphoma. Previous cryptogenic organizing pneumonia.. Imaging Notes: Bilateral ill-defined nodular opacities throughout both lungs with more confluent consolidation in the left upper lobe. Several of the nodules have apparent central lucency which is suspicious for cavitation. The lung volumes are reduced. There is no pleural fluid and the cardiac and mediastinal contours are normal.. COP may explain the reduced lung volumes and more peripheral confluent areas of consolidation, particularly in the left upper lobe. The possibility of cavitating nodules is however not easily explained and in the immunocompromised patient consideration to invasive aspergillosis or other atypical infections should be given.. Discussion: Typical appearances of cryptogenic organizing pneumonia. No definite features of infection on laboratory examination. ","Case courtesy of Royal Melbourne Hospital Respiratory, Radiopaedia.org, rID: 21992",,Pneumonia
379,,F,50.0,Pneumonia,,,,,,,,,,,,,,PA,X-ray,,"Kedah, Malaysia",images,1e64990d1b40c1758a2aaa9c7f7a85_jumbo.jpeg,,https://radiopaedia.org/cases/lymphocytic-interstitial-pneumonia-4?lang=us,CC BY-NC-SA,"Presentation: Chronic cough with whitish sputum. Associated with loss of weight and appetite . Imaging Notes: Multiple patches of alveolar opacities of varies sizes in both lung fields. Confluence of alveolar opacities noted at right lower zone forms a largest lung mass.. No mediastinal widening.. Heart is normal.. Both costophrenic angle are obliterates by the soft tissue shadows from outer part.. No obvious bone lesions.. Impression:. Chest radiograph findings raises few possibilities, differential diagnosis are multiple pulmonary metastases (possible primary is lung and breast), lymphoma, bronchoalveolar carcinoma, Wegener's granulomatosis.. Discussion: In this case, lung biopsy under CT guidance was performed because unable to exclude primary lung carcinoma of the right upper lobe nodule which has spiculated margin.. However HPE of the biopsied lung tissue is interstitial lymphoid pneumonia.. After treatment, follow up CXR showed marked improvement of the findings.","Case courtesy of Dr Nur Ahida Md Ahir, Radiopaedia.org, rID: 51003",,Pneumonia
380,,M,30.0,Pneumonia,,,,,,,,,,,,,,AP,X-ray,,"Augusta, Georgia, United States",images,3392dc7d262e28423caca517f98c2e_jumbo.jpeg,,https://radiopaedia.org/cases/desquamative-interstitial-pneumonia?lang=us,CC BY-NC-SA,"Presentation: Male prisoner who abuses drugs, smokes cigarettes with cough. . Imaging Notes: There is prominent bilateral interstitial markings with basilar predominance. The cardiomediastinal silhouette is normal in size and morphology.. Pathology proven DIP and background of severe emphysema. We do not have access to outside CT. He should stop smoking.","Case courtesy of Dr Jayanth Keshavamurthy, Radiopaedia.org, rID: 40280",,Pneumonia
382,0.0,F,30.0,Pneumonia,,,,,,,,,,,,,,PA,X-ray,,"Adelaide, Australia ",images,a72aeb349a63c79ed24e473c434efe_jumbo.jpg,,https://radiopaedia.org/cases/left-upper-lobe-consolidation-due-to-pneumonia?lang=us,CC BY-NC-SA,Fever and shortness of breath On the PA radiograph there is opacity with air bronchograms in the left midzone with loss of visualization of the left heart border. The appearance is consistent with consolidation within the left upper lobe. This is confirmed on the lateral image.,"Case courtesy of Dr Thuan Tzen, Koh, Radiopaedia.org, rID: 34857",,Pneumonia
383,0.0,F,35.0,Pneumonia,,,,,,,,,,,,,,PA,X-ray,,"Melbourne, Australia",images,6f36c4ad54047bc52b38fd8c9d1e22_jumbo.jpg,,https://radiopaedia.org/cases/left-upper-lobe-pneumonia-and-pectus-excavatum?lang=us,CC BY-NC-SA,"Presentation: Cough and fever. . Imaging Notes: PA film demonstrates opacification within the left mid to upper zones which partially obscures the left heart border consistent with left upper lobe consolidation, particularly involving the lingular segments. There is hazy opacity in the right lower zone medially and the right heart border is not visualized.  This could be misinterpreted as an additional right middle lobe consolidation, however this is in fact due to a pectus excavatum deformity, which is suggested by the orientation of the ribs and is confirmed on the lateral film. . Discussion: This case demonstrates the typical appearance of pectus excavatum on frontal chest radiographs and how one might be tempted to incorrectly report right middle lobe pathology especially in the setting of respiratory tract symptoms. ","Case courtesy of Dr Andrew Dixon, Radiopaedia.org, rID: 23146",,Pneumonia
395,,M,26.0,Pneumonia/Viral/Influenza/H1N1,,,,,,,,,,,,,,PA,X-ray,,Saudi Arabia,images,000001-1.jpg,,https://www.eurorad.org/case/8257,CC BY-NC-SA 4.0,"A 26-year-old male patient with acute myeloid leukemia and bone marrow transplant one year ago, presented with low-grade fever, dry cough and dyspnea for several days. He stated recent contact with several family members who had influenza-like illnesses. Perihilar ground-glass opacities and consolidation are noted. Peripheral faint ground glass opacities are also suspected.",,,Pneumonia
396,0.0,M,50.0,Pneumonia/Bacterial/Legionella,,Y,,,Y,,,,,87.3,,,,AP,X-ray,,Malta,images,000004.jpg,,https://www.eurorad.org/case/8589,CC BY-NC-SA 4.0,"A case of a previously healthy man who presented with non-specific symptoms of shortness of breath, dry cough, anorexia and fever and then progressed to acute respiratory distress syndrome and sepsis is reported. Treatment in the intensive care unit with antibiotics and mechanical ventilation was successful. Residual fibrotic changes are present bilaterally with no focal area of consolidation.",,,Pneumonia
399,1.0,F,62.0,Pneumonia/Viral/Herpes ,,,Y,N,Y,,,,,,,,,AP,X-ray,,Austria,images,000001-4.jpg,,https://www.eurorad.org/case/7724,CC BY-NC-SA 4.0,"We present the case of a 62 year old female Caucasian patient, who was transferred to our intensive care unit (ICU) because of respiratory distress. Bilateral interstitial opacities and pleural effusions on both sides.",,,Pneumonia
403,0.0,F,67.0,Pneumonia,,N,,,,,,,,,,,,PA,X-ray,,,images,000001-7.jpg,,https://www.eurorad.org/case/3834,CC BY-NC-SA 4.0,Accelerated phase usual interstitial pneumonia (UIP) is a relatively rare condition in which there is an acute deterioration in lung function of patients previously suffering from stable idiopathic pulmonary fibrosis. This is associated with a ground glass appearance superimposed on a background of fibrosis on HRCT.,,,Pneumonia
405,0.0,M,74.0,Pneumonia,,,,,,,,,,,,,,PA,X-ray,,Greece,images,000001-9.jpg,,https://www.eurorad.org/case/8653,CC BY-NC-SA 4.0,"We present the case of a 74 year old man complaining of cough and low grade fever during the last month and a right lung mass on chest X-ray. PA CXR: There is a fairly well-defined opacity projecting adjacent the mediastinum on the right mid lung zone, (white arrows).",,,Pneumonia
407,365.0,M,69.0,Pneumonia,,,,,,,,,,,,,,AP,X-ray,,Portugal,images,000001-11.jpg,,https://www.eurorad.org/case/5395,CC BY-NC-SA 4.0,"A 69 year-old male patient was referred to our department to perform a high resolution CT of the lung (HRCT), because of exertional dyspnea, dry cough and asthenia. Accentuated peri-hilar reticular markings in both lungs.",,,Pneumonia
408,60.0,F,53.0,Pneumonia,,,,,,,,,38.2,,,,,PA,X-ray,,Greece,images,000001-13.jpg,,https://www.eurorad.org/case/734,CC BY-NC-SA 4.0,A 53-year-old woman admitted to the hospital with a two-month history of intermittent pyrexia. Posteroanterior chest radiograph shows areas of airspace consolidation at the periphery of both middle and lower lung zones.,,,Pneumonia
409,3.0,F,35.0,Pneumonia/Bacterial/Streptococcus,,Y,,,,,,,,,,,,PA,X-ray,,,images,000004.png,,https://www.eurorad.org/case/6312,CC BY-NC-SA 4.0,This 35-year-old pregnant woman developed streptococcus pneumonia on a background of multiple pulmonary emboli and required high dependency care with specialist obstetric input throughout. right upper zone consolidation,,,Pneumonia
410,,M,30.0,Pneumonia/Lipoid,,,,,,,,,,,,,,AP,X-ray,,,images,000001.png,,https://www.eurorad.org/case/7197,CC BY-NC-SA 4.0,"A 30-year-old male fire-eater, who had accidentally ingested liquid paraffin, was evaluated for chest pain and dyspnoea. Bilateral, partly nodular consolidation areas predominantly distributed in the lower pulmonary fields.",,,Pneumonia
411,,M,27.0,Pneumonia/Fungal/Aspergillosis,,,,,,,,,,,,,,PA,X-ray,,"Coimbra, Portugal",images,16497_1_1.png,,https://www.eurorad.org/case/16497,CC BY-NC-SA 4.0,"A 27-year-old male patient presented at the emergency room with cough and dyspnoea with three weeks of evolution, associated with fever and chest pain for the last two days. On auscultation, there were diminished breath sounds over the right chest, associated with crackles. The patient had a history of asthma. Posteroanterior chest radiograph shows an opacity with lobulated contours in the right mid zone (para-hilar).",,,Pneumonia
413,0.0,F,54.0,Pneumonia,,,,,,,,,,,,,,PA,X-ray,,Malta,images,000001-15.jpg,,https://www.eurorad.org/case/10037,CC BY-NC-SA 4.0,"A 54-year-old female patient presented to the outpatients asthma clinic with a few months history of cough, fatigue, shortness of breath on minimal exertion and wheezing. Blood investigations included an elevated erythrocyte sedimentation rate and eosinophilia at 2.0 X109 / L. No fever was documented. Normal chest radiograph at presentation.",,,Pneumonia
415,,M,74.0,Pneumonia/Aspiration,,,,,,,,,,,,,,AP,X-ray,,,images,untitled.001_0.jpeg,,https://www.eurorad.org/case/16383,CC BY-NC-SA 4.0,"A 74-year-old male patient with a background history of asthma presented with acute shortness of breath immediately after his lunch, dry cough and pleuritic chest pain. He was treated as an infective exacerbation of asthma but responded poorly to therapy. Given concerns with an underlying malignancy, further imaging was performed. Chest X-ray on admission was clear.",,,Pneumonia
420,0.0,M,45.0,Pneumonia/Bacterial/Nocardia,,,,,,,,,,,,,,PA,X-ray,,"Milan, Italy",images,000001-20.jpg,,https://www.eurorad.org/case/10027,CC BY-NC-SA 4.0,"A middle-aged, 45-year-old male patient with longstanding history of Human Immunodeficiency Virus (HIV) infection and severe immunosuppression (4 CD+ cells/mmc) unresponsive to antiretroviral therapy, was hospitalised because of malaise, diarrhoea, weight loss and metabolic acidosis, without specific respiratory symptoms. Normally aerated lungs with a 3-cm subpleural consolidation in the right infraclavicular region, showing central cavitation (detailed view in C), suggesting a possible diagnosis of tuberculosis.",,,Pneumonia
450,,F,62.0,Pneumonia/Bacterial/Klebsiella,,,,,,,,,,,,,,AP,X-ray,,"Melbourne, Australia",images,4c8dee3d9fe81567b98ed1b0b2b4c6_jumbo.JPG,,https://radiopaedia.org/cases/klebsiella-pneumonia-1?lang=us,CC BY-NC-SA,"Tachypneic and febrile Extensive right upper lobe consolidation, with bulging of the horizontal fissure.","Case courtesy of Dr Yune Kwong, Radiopaedia.org, rID: 29375",,Pneumonia
451,14.0,M,18.0,Pneumonia,,Y,,,,,,,,,,,,PA,X-ray,,"Netanya, Israel",images,75fb7cd80d5ca4074c474f93471ad4_jumbo.jpeg,,https://radiopaedia.org/cases/acute-eosinophilic-pneumonia-1?lang=us,CC BY-NC-SA,"Fever, productive cough, shortness of breath for past two weeks. Unresponsive to antibiotic treatment. Asthmatic, smoker. PA upright: Basal-predominant patchy alveolar opacities superimposed on reticular opacities. The patient had been on empiric antibiotic treatment prescribed at the health maintenance clinic for a presumptive diagnosis of bacterial pneumonia. Complete blood count on hospital admission was remarkable for eosinophilia (10,000/µL, with the normal range being 0-400/µL). The patient was treated with ceftriaxone, clarithromycin, and prednisone, with a complete resolution of symptoms within a single day. The symptomatology, prononuced eosinophilia, chest radiograph findings, and prompt resolution of symptoms after treatment which involved steroids, all point to acute eosinophilic pneumonia.","Case courtesy of Dr Yair Glick, Radiopaedia.org, rID: 53840",,Pneumonia
454,,F,78.0,Pneumonia,,,,,,,,,,,,,,AP,X-ray,,"Melbourne, Australia",images,71b364138ea4986831b3778081cd2e_jumbo.jpeg,,https://radiopaedia.org/cases/cryptogenic-organising-pneumonia-14?lang=us,CC BY-NC-SA,"Increasing shortness of breath over 7 weeks. Some fevers and dry non-productive cough. Inflammatory markers are normal. Extensive bilateral mid and lower zone consolidation is noted. The heart size is borderline. There was no clinical improvement following  treatment for cardiac failure. The radiological findings persisted after four weeks of antibiotic cover. The patient was commenced on high dose steroids, leading to a clinical improvement and eventual improvement in imaging findings. The presumptive diagnosis was of COP.","Case courtesy of Melbourne Uni Radiology Masters, Radiopaedia.org, rID: 38634",,Pneumonia
