p_pneumonia,p_signs,path,y
0.00522508705034852,0.5070580840110779,F051E018-DAD1-4506-AD43-BE4CA29E960B.jpeg,0
0.036130793392658234,0.5111733078956604,covid-19-pneumonia-58-prior.jpg,0
0.4023778736591339,0.4023778736591339,16745_2_1.PNG,0
0.08575201034545898,0.2090712934732437,16745_3_1.png,0
0.5111708641052246,0.5111708641052246,16745_6_1.png,0
0.0137549489736557,0.557610273361206,2c35005f.jpg,0
0.32418012619018555,0.601017951965332,ada8c494.jpg,0
0.011720745824277401,0.534616231918335,10.1016-slash-j.hrcr.2020.04.015-fig3-a.png,0
0.006958239711821079,0.4818544387817383,1-s2.0-S2214250920300834-gr1_lrg-d.png,0
0.022200942039489746,0.5506942868232727,1-s2.0-S1059131120301151-gr2-e.png,0
0.015202759765088558,0.3226487934589386,665f7ed5dcf52f235d8abed8cc200c_jumbo.jpeg,0
0.04584861919283867,0.3650285005569458,16755_1_1.jpg,0
0.029273593798279762,0.3768797516822815,000001-3.jpg,0
0.27909114956855774,0.5338132381439209,000001-6.jpg,0
0.04151782765984535,0.32887980341911316,02b973e10caa192fd4e6825ad4aeaf_jumbo-10.jpeg,0
0.9979799389839172,0.9979799389839172,ARDSSevere.png,1
0.5114760398864746,0.9087166786193848,acute-respiratory-distress-syndrome-ards.jpg,1
0.5498067140579224,0.9418046474456787,pneumonia-7.jpg,1
0.5036054849624634,0.8853907585144043,streptococcus-pneumoniae-pneumonia-temporal-evolution-1-day0.jpg,1
0.09698502719402313,0.7640743255615234,pneumococcal-pneumonia-day0.jpg,1
0.029593370854854584,0.716298520565033,parapneumonic-effusion-1-PA.png,1
0.19498710334300995,0.6656183004379272,right-upper-lobe-pneumonia-9-PA.jpg,1
0.5511709451675415,0.6321607828140259,chlamydia-pneumonia-PA.png,1
0.007604765705764294,0.5661741495132446,cavitating-pneumonia-4-day0-PA.jpg,1
0.7442995309829712,0.9278576374053955,klebsiella-pneumonia-1.jpg,1
0.6479659676551819,0.7723896503448486,legionella-pneumonia-1.png,1
0.428413450717926,0.9722501039505005,legionella-pneumonia-2.jpg,1
0.04404089227318764,0.6473442316055298,16646_1_1.jpg,1
0.02582046017050743,0.520923376083374,16583_1_1.jpg,1
0.03216598555445671,0.5184375047683716,000005-5-a.jpg,1
0.5551009178161621,0.8384969234466553,000005-3.png,1
0.03420993313193321,0.6700432896614075,000001-9-a.jpg,1
0.5806481242179871,0.6726487278938293,000001-12.jpg,1
0.3869117796421051,0.6116026639938354,000001.jpg,1
0.1262497901916504,0.6310936212539673,000001-17.jpg,1
0.10059181600809097,0.5185697674751282,000001-19.jpg,1
0.01745716482400894,0.5500096082687378,000001-6.png,1
0.10029375553131104,0.5891876220703125,000001-24.jpg,1
0.8594725131988525,0.9721965789794922,000001-27.jpg,1
0.5184279084205627,0.7477622032165527,5f8aaa4e85af075412849ebf8ebb54_jumbo-1.jpg,1
0.5224464535713196,0.7364439964294434,4e1dc09c3abe03a3efb72d494ddb6f_jumbo-2.jpeg,1
0.5226320028305054,0.8942949771881104,9a4e0141fd7681c4026b55b4e13914_jumbo-2.jpeg,1
0.814243495464325,0.9225004315376282,e9cc806fc1c90195d999dc8d022d28_jumbo-2.jpeg,1
0.03701261430978775,0.8590080142021179,f6ece95b172eadba762bf3daef7441_jumbo-1.jpeg,1
0.3089163303375244,0.7495778799057007,582f068ae16494e015cf2b2ed90388_jumbo-1.jpeg,1
0.08077336847782135,0.8534480929374695,f410057190635755d60158d1595d67_jumbo-1.jpeg,1
0.09446363151073456,0.42395535111427307,56bc74129531580d3c40b1f8ae77ab_jumbo.jpeg,1
0.04468253254890442,0.5228785276412964,f72b17e863d0f958b65379b3669238_jumbo.jpg,1
0.05040634050965309,0.5422983169555664,19876b357ac5c998a06d9614b6148a_jumbo.jpeg,1
0.011400043964385986,0.8378753662109375,22ebbc464e16ea1217228e3c9f4935_jumbo.jpeg,1
0.02391705848276615,0.7383031845092773,cdf5605e45874c28262c81b7ab80b3_jumbo.jpeg,1
0.6535484790802002,0.7588634490966797,82cb30b7678c6da229c6dc222c39c9_jumbo.jpeg,1
0.5144739151000977,0.832289457321167,84da526d0453b9b9e7896631e6b366_jumbo.jpeg,1
0.5710809230804443,0.6513566970825195,503d2fbe68cd143b0f15749b4f816b_jumbo.jpeg,1
0.010489332489669323,0.8512210845947266,a24181c437aca166f7aeccc62ba28a_jumbo.jpg,1
0.507362961769104,0.7352516651153564,1e64990d1b40c1758a2aaa9c7f7a85_jumbo.jpeg,1
0.7128285765647888,0.7813076972961426,3392dc7d262e28423caca517f98c2e_jumbo.jpeg,1
0.36071011424064636,0.7119038105010986,a72aeb349a63c79ed24e473c434efe_jumbo.jpg,1
0.5105741024017334,0.7526249885559082,6f36c4ad54047bc52b38fd8c9d1e22_jumbo.jpg,1
0.5066428184509277,0.8080012798309326,000001-1.jpg,1
0.7254278659820557,0.9576597213745117,000004.jpg,1
0.5121000409126282,0.8915079236030579,000001-4.jpg,1
0.07613072544336319,0.5206680297851562,000001-7.jpg,1
0.24127045273780823,0.562856912612915,000001-9.jpg,1
0.0041046105325222015,0.315402090549469,000001-11.jpg,1
0.12404794991016388,0.6173070669174194,000001-13.jpg,1
0.6322305202484131,0.8304380178451538,000004.png,1
0.00010534624016145244,0.4664115607738495,000001.png,1
0.0012861861614510417,0.5778900384902954,16497_1_1.png,1
0.0028869647067040205,0.33043110370635986,000001-15.jpg,1
0.17782868444919586,0.5217127799987793,untitled.001_0.jpeg,1
0.5128681659698486,0.5731605291366577,000001-20.jpg,1
0.7168002724647522,0.9293748140335083,4c8dee3d9fe81567b98ed1b0b2b4c6_jumbo.JPG,1
0.5220458507537842,0.9459970593452454,75fb7cd80d5ca4074c474f93471ad4_jumbo.jpeg,1
0.5452157258987427,0.8626924753189087,71b364138ea4986831b3778081cd2e_jumbo.jpeg,1
